variable,schema_key,friendly_name,band,group,boundary_flag,I_L6,I_L8,delta_I,scale_dir,log_transformed,cluster_core_L6,outlier_pct_L6,pct_HH_L6,pct_LL_L6,pct_HL_L6,pct_LH_L6,LL_fraction,cluster_core_L8,outlier_pct_L8,skewness_L6,missing_pct_L6
ele_mt_sav,elevation_mean,Mean elevation,A,continental-gradient,,0.924128,0.969703,0.04557500000000003,↑,False,40.29,0.17,11.58,28.71,0.01,0.16,0.712583767684289,44.86,0.02,3.0799133551268008,0.0
ele_mt_smn,elevation_min,Elevation minimum,A,continental-gradient,,0.883589,0.943304,0.059715000000000074,↑,False,42.54,0.4,10.58,31.97,0.12,0.28,0.7515279736718382,45.66,0.18,4.3513751816089865,0.0
ele_mt_smx,elevation_max,Elevation maximum,A,mixed,I near 0.85,0.848135,0.932593,0.08445800000000003,↑,False,41.66,1.29,15.48,26.18,0.55,0.74,0.628420547287566,45.77,0.31,1.8636727558760704,0.0
slp_dg_sav,slope_deg,Slope,A,mixed,,0.804834,0.878886,0.0740519999999999,↑,False,45.39,1.67,15.31,30.08,1.06,0.61,0.6627010354703678,51.74,0.47,1.9507471930803957,1.8418003293285357
sgr_dk_sav,stream_gradient,Stream gradient,A,mixed,I near 0.7,0.724825,0.792086,0.0672609999999999,↑,False,39.42,1.83,11.28,28.15,1.35,0.48,0.7141045154743785,45.2,0.77,3.857344392054858,2.5126547539183997
kar_pc_sse,karst_pct,Karst %,A,mixed,I near 0.7,0.675877,0.819658,0.14378100000000005,↑,False,17.81,1.73,10.79,7.01,0.4,1.33,0.3935991016282987,18.64,0.87,2.482614126526107,0.0
gla_pc_sse,glacier_pct,Glacier %,A,mixed,I near 0.7,0.662851,0.820367,0.157516,↑,True,11.77,1.65,2.79,8.98,0.2,1.45,0.7629566694987256,7.44,0.88,15.299792389208092,0.0
ero_kh_sav,erosion_rate,Erosion rate,A,mixed,I near 0.7,0.740836,0.921973,0.181137,↑,False,46.84,0.88,12.15,34.69,0.46,0.43,0.7406063193851408,47.5,0.41,4.609260459959433,0.0
dis_m3_pyr,discharge_annual,Discharge annual,B,network-topology,Δ_I near -0.01,0.582217,0.562947,-0.01927000000000001,↓,True,39.35,2.59,20.41,18.95,0.76,1.83,0.4815756035578144,39.18,3.87,22.525424322516496,0.0
dis_m3_pmn,discharge_min,Discharge monthly min,B,network-topology,,0.613621,0.57345,-0.04017099999999996,↓,True,43.23,2.45,19.32,23.91,0.56,1.89,0.5530881332408051,44.31,3.56,23.640022409184567,0.0
dis_m3_pmx,discharge_max,Discharge monthly max,B,mixed,,0.535193,0.559118,0.023924999999999974,↑,True,36.04,2.67,20.2,15.84,0.91,1.75,0.43951165371809103,36.36,3.81,19.29242223715001,0.0
run_mm_syr,runoff,Annual runoff,B,continental-gradient,I near 0.85,0.874045,0.970703,0.09665800000000002,↑,False,49.12,1.32,12.37,36.75,1.27,0.04,0.7481677524429968,50.64,0.23,2.768870672825544,0.0
gwt_cm_sav,groundwater_depth,Groundwater depth,B,mixed,I near 0.85,0.824437,0.857278,0.03284100000000001,↑,False,45.25,1.18,17.22,28.03,0.77,0.4,0.6194475138121547,47.35,0.56,1.4373014218053752,0.0
swc_pc_syr,soil_water_content,Soil water content,B,continental-gradient,,0.970109,0.99193,0.02182099999999998,↑,False,58.92,1.64,30.46,28.46,1.64,0.0,0.4830278343516633,61.34,0.27,-0.2381852470627638,0.0
ria_ha_ssu,river_area,River area (local),B,local-anomaly,,0.485027,0.590812,0.10578500000000002,↑,True,31.41,3.52,21.99,9.42,1.53,1.99,0.29990448901623684,35.58,3.31,6.981027065027865,0.0
wet_pc_sg1,wetland_pct_g1,Wetland % group 1,B,mixed,,0.597727,0.699716,0.101989,↑,False,33.93,1.43,10.15,23.78,0.45,0.98,0.7008547008547009,30.59,1.15,2.635785797105573,0.0
wet_pc_sg2,wetland_pct_g2,Wetland % group 2,B,mixed,,0.6113,0.705216,0.093916,↑,False,36.91,1.34,9.34,27.57,0.35,0.98,0.7469520455161204,14.58,1.2,3.0413931632224416,0.0
lka_pc_sse,lake_area_pct,Lake area %,B,mixed,I near 0.7,0.684298,0.728964,0.044665999999999983,↑,True,40.27,2.32,15.43,24.84,1.51,0.81,0.6168363546064067,48.18,1.73,7.240159331984029,0.0
inu_pc_smx,inundation_max,Inundation max,B,mixed,,0.58882,0.625395,0.036575000000000024,↑,False,42.22,1.47,11.26,30.96,0.73,0.74,0.7333017527238276,47.49,1.39,2.4649294832891275,0.0
dor_pc_pva,degree_of_regulation,Degree of regulation,B,network-topology,,0.474985,0.422039,-0.05294599999999999,↓,True,14.58,5.93,12.0,2.57,0.25,5.68,0.17626886145404663,13.97,6.65,9.107985466014464,0.0
cly_pc_sav,pct_clay,Clay %,B,continental-gradient,,0.901613,0.931586,0.029973000000000027,↑,False,54.71,1.59,24.22,30.48,0.9,0.69,0.5571193566075672,58.58,0.97,0.1911068863682893,4.6166981764957
slt_pc_sav,pct_silt,Silt %,B,continental-gradient,Δ_I near -0.01,0.963721,0.96194,-0.0017810000000000326,↓,False,52.36,1.23,26.61,25.74,1.17,0.05,0.49159663865546216,51.9,0.31,-0.2930628712056551,4.6166981764957
snd_pc_sav,pct_sand,Sand %,B,continental-gradient,I near 0.85,0.872852,0.903347,0.03049500000000005,↑,False,44.36,3.37,17.72,26.63,0.86,2.51,0.6003155996393147,48.27,2.65,0.6837809520775321,4.6166981764957
soc_th_sav,soil_organic_carbon,Soil organic carbon,B,continental-gradient,I near 0.85,0.857715,0.906162,0.04844700000000002,↑,False,51.0,1.95,18.61,32.4,1.91,0.04,0.6352941176470588,58.03,0.85,2.2572122161057315,4.6166981764957
tmp_dc_syr,temperature_annual,Temperature annual,C,continental-gradient,,0.981475,0.996347,0.014871999999999996,↑,False,60.08,1.03,33.96,26.13,1.03,0.0,0.4349201065246338,61.73,0.2,-0.6658985137564506,0.0
pre_mm_syr,precipitation_annual,Precipitation annual,C,continental-gradient,,0.921352,0.978491,0.05713900000000005,↑,False,48.15,1.14,16.78,31.37,1.13,0.01,0.6515057113187954,51.02,0.21,1.653706470736152,0.0
pet_mm_syr,pet_annual,PET annual,C,continental-gradient,,0.988471,0.997239,0.008767999999999998,↑,False,60.66,0.81,29.7,30.96,0.81,0.0,0.510385756676558,61.99,0.16,-0.2491436371326741,0.0
aet_mm_syr,aet_annual,AET annual,C,continental-gradient,,0.967304,0.992541,0.025236999999999954,↑,False,52.22,1.02,21.83,30.38,1.0,0.02,0.581769436997319,55.79,0.18,0.8556521049739358,0.0
ari_ix_sav,aridity_index,Aridity index,C,continental-gradient,,0.97313,0.992408,0.019277999999999906,↑,True,42.22,1.62,23.38,18.84,1.62,0.0,0.4462340123164377,41.91,0.28,7.87233755270467,0.0
cmi_ix_syr,climate_moisture_index,Climate moisture index,C,continental-gradient,,0.95231,0.988409,0.03609899999999999,↑,False,53.92,1.51,24.22,29.7,1.5,0.01,0.5508160237388724,55.56,0.26,0.3479528353282117,0.0
prm_pc_sse,permafrost_pct,Permafrost %,C,continental-gradient,,0.958899,0.979244,0.020345000000000057,↑,False,15.66,0.52,13.48,2.17,0.45,0.07,0.13856960408684546,62.38,0.18,2.2070667234854575,0.0
snw_pc_syr,snow_cover_annual,Snow cover annual,C,continental-gradient,,0.974594,0.993087,0.018493000000000093,↑,False,75.24,0.67,22.32,52.92,0.67,0.0,0.7033492822966508,68.5,0.09,1.3551647984152904,0.0304933829359029
for_pc_sse,forest_cover_pct,Forest cover %,C,continental-gradient,I near 0.85,0.85806,0.891997,0.033936999999999995,↑,False,59.91,1.4,22.2,37.71,0.91,0.49,0.6294441662493742,68.05,0.6,0.8726184892345371,0.0
crp_pc_sse,cropland_pct,Cropland %,D,mixed,I near 0.85,0.848877,0.898523,0.04964599999999997,↑,False,56.0,1.0,16.42,39.58,0.61,0.39,0.7067857142857142,61.85,0.37,1.9160746137321536,0.0
pst_pc_sse,pasture_pct,Pasture %,D,continental-gradient,I near 0.85,0.859867,0.896955,0.0370879999999999,↑,False,58.75,0.64,20.58,38.17,0.24,0.4,0.6497021276595745,61.42,0.34,1.2106477064817065,0.0
ppd_pk_sav,pop_density,Population density,D,continental-gradient,I near 0.85,0.861537,0.913043,0.05150600000000005,↑,True,55.83,1.36,23.99,31.84,1.18,0.18,0.570302704639083,59.45,0.48,32.73873739503637,0.0
hft_ix_s09,human_footprint_2009,Human footprint 2009,D,mixed,,0.818803,0.847463,0.02866000000000002,↑,False,50.41,0.98,19.27,31.14,0.85,0.13,0.6177345764729221,51.56,0.33,1.2707487833384512,0.0
gdp_ud_sav,gdp_mean,GDP mean,D,continental-gradient,,0.942976,0.986426,0.04344999999999999,↑,False,46.92,1.0,15.12,31.8,0.91,0.09,0.6777493606138107,49.26,0.15,3.100299607203234,0.0
hdi_ix_sav,hdi,HDI,D,continental-gradient,,0.987138,0.995003,0.007865000000000011,↑,False,45.51,1.09,23.93,21.58,1.09,0.0,0.47418149857174247,45.43,0.19,-0.6503304729209984,0.0
nli_ix_sav,nighttime_lights,Nighttime lights,D,mixed,,0.621713,0.699754,0.07804100000000003,↑,False,44.28,0.88,10.76,33.52,0.44,0.45,0.7570009033423668,47.32,0.3,3.905191419349619,0.0
