variable,schema_key,friendly_name,band,scale,mean,median,std,min,max,skewness,kurtosis,zero_fraction,missing_pct,n_basins,log_transformed,I_raw,I_log,I_canonical,p_value,z_score,n_HH,pct_HH,n_LL,pct_LL,n_HL,pct_HL,n_LH,pct_LH,n_NS,pct_NS,cluster_core_pct,outlier_pct,seed,n_permutations
ele_mt_sav,elevation_mean,Mean elevation,A,L6,613.3755565042386,364.0,775.3133822669831,-30.0,5556.0,3.0799133551268008,12.026869345544991,0.0014026956150515,0.0,16397,False,0.924128,0.774646,0.924128,0.001,188.378,1899,11.58,4708,28.71,2,0.01,26,0.16,9762,59.54,40.29,0.17,42,999
ele_mt_smn,elevation_min,Elevation minimum,A,L6,307.62224797219005,122.0,586.156278261888,-598.0,5186.0,4.3513751816089865,25.16944747796611,0.1129474903945843,0.0,16397,False,0.883589,0.81834,0.883589,0.001,177.5888,1734,10.58,5242,31.97,20,0.12,46,0.28,9355,57.05,42.54,0.4,42,999
ele_mt_smx,elevation_max,Elevation maximum,A,L6,1341.113679331585,861.0,1367.1577979435122,-30.0,8654.0,1.8636727558760704,3.7728343899700496,0.0006708544245898,0.0,16397,False,0.848135,0.691419,0.848135,0.001,176.0969,2538,15.48,4293,26.18,90,0.55,122,0.74,9354,57.05,41.66,1.29,42,999
slp_dg_sav,slope_deg,Slope,A,L6,40.523268095681885,24.0,46.54971880731743,0.0,306.0,1.9507471930803957,4.316082143604942,0.0284808196621333,1.8418003293285357,16397,False,0.804834,0.77691,0.804834,0.001,160.6373,2511,15.31,4932,30.08,174,1.06,100,0.61,8680,52.94,45.39,1.67,42,999
sgr_dk_sav,stream_gradient,Stream gradient,A,L6,88.80050046918986,44.0,125.6313088388628,0.0,1969.0,3.857344392054858,23.52058329256447,0.0059157162895651,2.5126547539183997,16397,False,0.724825,0.735485,0.724825,0.001,146.7783,1849,11.28,4615,28.15,221,1.35,79,0.48,9633,58.75,39.42,1.83,42,999
kar_pc_sse,karst_pct,Karst %,A,L6,11.005488808928462,0.0,24.624616650777146,0.0,100.0,2.482614126526107,5.173738768700676,0.6959199853631762,0.0,16397,False,0.675877,0.671999,0.675877,0.001,136.1147,1770,10.79,1150,7.01,65,0.4,218,1.33,13194,80.47,17.81,1.73,42,999
gla_pc_sse,glacier_pct,Glacier %,A,L6,0.4245288772336403,0.0,4.3346183140922125,0.0,100.0,15.299792389208092,268.8087770946831,0.9665792523022504,0.0,16397,True,0.61282,0.662851,0.662851,0.001,133.7135,457,2.79,1473,8.98,33,0.2,237,1.45,14197,86.58,11.77,1.65,42,999
ero_kh_sav,erosion_rate,Erosion rate,A,L6,2589.348661340489,789.0,4762.644897667521,0.0,82450.0,4.609260459959433,36.533244831903694,0.063426236506678,0.0,16397,False,0.740836,0.870376,0.740836,0.001,150.0921,1992,12.15,5688,34.69,75,0.46,70,0.43,8572,52.28,46.84,0.88,42,999
dis_m3_pyr,discharge_annual,Discharge annual,B,L6,828.325616332256,36.154,6601.631866257336,0.0,205605.02,22.525424322516496,597.0071406972586,0.0896505458315545,0.0,16397,True,0.398576,0.582217,0.582217,0.001,120.9474,3346,20.41,3107,18.95,124,0.76,300,1.83,9520,58.06,39.35,2.59,42,999
dis_m3_pmn,discharge_min,Discharge monthly min,B,L6,394.7154555101544,6.332,4255.451832905515,0.0,125376.69,23.640022409184567,622.2116648801561,0.1735683356711593,0.0,16397,True,0.39333,0.613621,0.613621,0.001,127.6559,3168,19.32,3920,23.91,92,0.56,310,1.89,8907,54.32,43.23,2.45,42,999
dis_m3_pmx,discharge_max,Discharge monthly max,B,L6,1571.77837903275,101.1,9711.07018316952,0.0,290310.47,19.29242223715001,472.30597531939566,0.0259193754955174,0.0,16397,True,0.403597,0.535193,0.535193,0.001,110.4601,3312,20.2,2598,15.84,150,0.91,287,1.75,10050,61.29,36.04,2.67,42,999
run_mm_syr,runoff,Annual runoff,B,L6,326.1001402695615,158.0,459.1553523486285,0.0,5696.0,2.768870672825544,11.40026982985782,0.0265292431542355,0.0,16397,False,0.874045,0.938767,0.874045,0.001,183.2613,2029,12.37,6026,36.75,209,1.27,7,0.04,8126,49.56,49.12,1.32,42,999
gwt_cm_sav,groundwater_depth,Groundwater depth,B,L6,234.34408733304872,166.0,219.9538912050016,0.0,1787.0,1.4373014218053752,2.2961047881233183,0.0129901811306946,0.0,16397,False,0.824437,0.788031,0.824437,0.001,169.5399,2824,17.22,4596,28.03,127,0.77,66,0.4,8784,53.57,45.25,1.18,42,999
swc_pc_syr,soil_water_content,Soil water content,B,L6,53.27938037445874,58.0,31.41349288814588,0.0,100.0,-0.2381852470627638,-1.290959543650232,0.0221991827773373,0.0,16397,False,0.970109,0.979909,0.970109,0.001,197.7941,4994,30.46,4667,28.46,269,1.64,0,0.0,6467,39.44,58.92,1.64,42,999
ria_ha_ssu,river_area,River area (local),B,L6,2241.278511374032,914.174,4197.40990197133,0.0,99121.27,6.981027065027865,91.5476630695586,0.0087211075196682,0.0,16397,True,0.416536,0.485027,0.485027,0.001,103.144,3606,21.99,1545,9.42,251,1.53,326,1.99,10669,65.07,31.41,3.52,42,999
wet_pc_sg1,wetland_pct_g1,Wetland % group 1,B,L6,10.883088369823747,2.0,20.30043133469131,0.0,100.0,2.635785797105573,6.81729295673905,0.3309751783862901,0.0,16397,False,0.597727,0.629792,0.597727,0.001,127.1279,1664,10.15,3900,23.78,73,0.45,161,0.98,10599,64.64,33.93,1.43,42,999
wet_pc_sg2,wetland_pct_g2,Wetland % group 2,B,L6,7.878331402085747,0.0,17.135334927115135,0.0,100.0,3.0413931632224416,9.712867739380442,0.5190583643349393,0.0,16397,False,0.6113,0.651552,0.6113,0.001,132.8626,1531,9.34,4521,27.57,58,0.35,161,0.98,10126,61.76,36.91,1.34,42,999
lka_pc_sse,lake_area_pct,Lake area %,B,L6,25.171494785631516,1.0,91.3990016654326,0.0,1000.0,7.240159331984029,62.592453471248334,0.4419101055071049,0.0,16397,True,0.5402,0.684298,0.684298,0.001,140.931,2530,15.43,4073,24.84,247,1.51,133,0.81,9414,57.41,40.27,2.32,42,999
inu_pc_smx,inundation_max,Inundation max,B,L6,11.683112764530096,3.0,18.961700957060877,0.0,100.0,2.4649294832891275,6.469829630730072,0.2970055497956943,0.0,16397,False,0.58882,0.7379,0.58882,0.001,120.9826,1847,11.26,5076,30.96,120,0.73,121,0.74,9233,56.31,42.22,1.47,42,999
dor_pc_pva,degree_of_regulation,Degree of regulation,B,L6,157.79081539305972,0.0,705.8431916790482,0.0,10000.0,9.107985466014464,105.14316391151212,0.7711166676831127,0.0,16397,True,0.318306,0.474985,0.474985,0.001,100.1841,1968,12.0,422,2.57,41,0.25,931,5.68,13035,79.5,14.58,5.93,42,999
cly_pc_sav,pct_clay,Clay %,B,L6,19.65185421994885,19.65185421994885,7.156529484777456,3.0,43.0,0.1911068863682893,-0.5665249351839301,0.0,4.6166981764957,16397,False,0.901613,0.890204,0.901613,0.001,181.2839,3972,24.22,4998,30.48,147,0.9,113,0.69,7167,43.71,54.71,1.59,42,999
slt_pc_sav,pct_silt,Silt %,B,L6,30.72404092071611,32.0,10.94168055083137,2.0,58.0,-0.2930628712056551,-0.6071487427149589,0.0,4.6166981764957,16397,False,0.963721,0.959627,0.963721,0.001,201.7325,4364,26.61,4221,25.74,192,1.17,9,0.05,7611,46.42,52.36,1.23,42,999
snd_pc_sav,pct_sand,Sand %,B,L6,49.62947570332481,49.0,10.447526443529098,17.0,88.0,0.6837809520775321,0.7613550564421625,0.0,4.6166981764957,16397,False,0.872852,0.869239,0.872852,0.001,179.3497,2906,17.72,4367,26.63,141,0.86,412,2.51,8571,52.27,44.36,3.37,42,999
soc_th_sav,soil_organic_carbon,Soil organic carbon,B,L6,50.44616368286445,28.0,54.78272054284155,0.0,615.0,2.2572122161057315,7.750274415333842,0.0002439470634872,4.6166981764957,16397,False,0.857715,0.89177,0.857715,0.001,174.5941,3051,18.61,5312,32.4,313,1.91,7,0.04,7714,47.05,51.0,1.95,42,999
tmp_dc_syr,temperature_annual,Temperature annual,C,L6,12.897505641275844,17.1,13.209740492716024,-23.9,31.1,-0.6658985137564506,-0.7164148588084815,0.0021345368055132,0.0,16397,False,0.981475,0.983204,0.981475,0.001,206.4363,5568,33.96,4284,26.13,169,1.03,0,0.0,6376,38.89,60.08,1.03,42,999
pre_mm_syr,precipitation_annual,Precipitation annual,C,L6,771.5335732146124,545.0,708.6681436526803,0.0,6872.0,1.653706470736152,3.456868224727022,0.0029883515277184,0.0,16397,False,0.921352,0.96489,0.921352,0.001,183.9444,2751,16.78,5144,31.37,185,1.13,2,0.01,8315,50.71,48.15,1.14,42,999
pet_mm_syr,pet_annual,PET annual,C,L6,1243.2646825638835,1372.0,580.2077578073016,55.0,2371.0,-0.2491436371326741,-1.2177835643891637,0.0,0.0,16397,False,0.988471,0.975263,0.988471,0.001,206.7304,4870,29.7,5077,30.96,133,0.81,0,0.0,6317,38.53,60.66,0.81,42,999
aet_mm_syr,aet_annual,AET annual,C,L6,534.4064767945356,413.0,410.4197061217084,0.0,1915.0,0.8556521049739358,-0.2186690104556765,0.0066475574800268,0.0,16397,False,0.967304,0.976458,0.967304,0.001,194.304,3580,21.83,4982,30.38,164,1.0,3,0.02,7668,46.76,52.22,1.02,42,999
ari_ix_sav,aridity_index,Aridity index,C,L6,84.20857473928157,65.0,129.23311614715794,0.0,2101.0,7.87233755270467,83.57104065457675,0.014758797340977,0.0,16397,True,0.962755,0.97313,0.97313,0.001,196.1855,3833,23.38,3089,18.84,266,1.62,0,0.0,9209,56.16,42.22,1.62,42,999
cmi_ix_syr,climate_moisture_index,Climate moisture index,C,L6,-32.38403366469476,-35.0,46.47112625503017,-100.0,96.0,0.3479528353282117,-0.7457327129679374,0.0055497956943343,0.0,16397,False,0.95231,0.878089,0.95231,0.001,197.6265,3972,24.22,4870,29.7,246,1.5,2,0.01,7307,44.56,53.92,1.51,42,999
prm_pc_sse,permafrost_pct,Permafrost %,C,L6,12.560041471000792,0.0,29.271528044136225,0.0,100.0,2.2070667234854575,3.26287768466665,0.7656888455205221,0.0,16397,False,0.958899,0.959733,0.958899,0.001,194.1965,2211,13.48,356,2.17,74,0.45,11,0.07,13745,83.83,15.66,0.52,42,999
snw_pc_syr,snow_cover_annual,Snow cover annual,C,L6,17.062042459736453,0.0,26.075787459630813,0.0,100.0,1.3551647984152904,0.6225562113117671,0.5396718911996097,0.0304933829359029,16397,False,0.974594,0.979974,0.974594,0.001,202.3411,3660,22.32,8677,52.92,110,0.67,0,0.0,3950,24.09,75.24,0.67,42,999
for_pc_sse,forest_cover_pct,Forest cover %,C,L6,27.56479843873879,10.0,33.00433476703596,0.0,100.0,0.8726184892345371,-0.7137571334940018,0.3493321949137037,0.0,16397,False,0.85806,0.887319,0.85806,0.001,176.8786,3640,22.2,6184,37.71,149,0.91,80,0.49,6344,38.69,59.91,1.4,42,999
crp_pc_sse,cropland_pct,Cropland %,D,L6,11.825150942245532,2.0,19.149972731494103,0.0,100.0,1.9160746137321536,3.004898267949833,0.4292248582057693,0.0,16397,False,0.848877,0.89084,0.848877,0.001,174.3724,2693,16.42,6490,39.58,100,0.61,64,0.39,7050,43.0,56.0,1.0,42,999
pst_pc_sse,pasture_pct,Pasture %,D,L6,20.3861072147344,7.0,26.11522844528877,0.0,100.0,1.2106477064817065,0.3195735255458798,0.3286576812831615,0.0,16397,False,0.859867,0.895593,0.859867,0.001,176.0864,3375,20.58,6259,38.17,40,0.24,65,0.4,6658,40.6,58.75,0.64,42,999
ppd_pk_sav,pop_density,Population density,D,L6,64.40830194547783,4.73,292.6511150883605,0.0,21692.049,32.73873739503637,1993.8715965119216,0.0711715557723974,0.0,16397,True,0.287796,0.861537,0.861537,0.001,176.1042,3933,23.99,5221,31.84,193,1.18,30,0.18,7020,42.81,55.83,1.36,42,999
hft_ix_s09,human_footprint_2009,Human footprint 2009,D,L6,61.415197902055255,49.0,57.64696428141845,0.0,389.0,1.2707487833384512,2.0519163830196314,0.0987985607123254,0.0,16397,False,0.818803,0.862335,0.818803,0.001,165.0971,3159,19.27,5106,31.14,140,0.85,21,0.13,7971,48.61,50.41,0.98,42,999
gdp_ud_sav,gdp_mean,GDP mean,D,L6,25403.184911874123,14779.0,28706.88729935239,378.0,189535.0,3.100299607203234,14.285963772962962,0.0,0.0,16397,False,0.942976,0.966941,0.942976,0.001,200.143,2480,15.12,5214,31.8,150,0.91,14,0.09,8539,52.08,46.92,1.0,42,999
hdi_ix_sav,hdi,HDI,D,L6,738.4286759773129,767.0,155.63720726095113,352.0,1000.0,-0.6503304729209984,-0.3773984735499596,0.0,0.0,16397,False,0.987138,0.985596,0.987138,0.001,205.0579,3924,23.93,3539,21.58,179,1.09,0,0.0,8755,53.39,45.51,1.09,42,999
nli_ix_sav,nighttime_lights,Nighttime lights,D,L6,312.5565652253461,27.0,660.4212927217966,0.0,6296.0,3.905191419349619,20.38061396249328,0.2483990973958651,0.0,16397,False,0.621713,0.773441,0.621713,0.001,124.6467,1764,10.76,5497,33.52,72,0.44,73,0.45,8991,54.83,44.28,0.88,42,999
ele_mt_sav,elevation_mean,Mean elevation,A,L8,664.2254097285958,378.0,833.927709533244,-415.0,5825.0,2.719956482810859,8.855440908806479,0.0010384161531401,0.0,190675,False,0.969703,0.889876,0.969703,0.001,719.5523,23409,12.28,62124,32.58,3,0.0,27,0.01,105112,55.13,44.86,0.02,42,999
ele_mt_smn,elevation_min,Elevation minimum,A,L8,445.4733027402648,240.0,662.6251190853601,-598.0,5226.0,3.43414252121328,15.549561677935865,0.060264848564311,0.0,190675,False,0.943304,0.884218,0.943304,0.001,703.648,20572,10.79,66485,34.87,61,0.03,286,0.15,103271,54.16,45.66,0.18,42,999
ele_mt_smx,elevation_max,Elevation maximum,A,L8,1057.892812377081,620.0,1186.9101225074749,-415.0,8654.0,2.145849915548868,4.997615437975941,0.0004562737642585,0.0,190675,False,0.932593,0.835876,0.932593,0.001,683.2492,26962,14.14,60309,31.63,144,0.08,456,0.24,102804,53.92,45.77,0.31,42,999
slp_dg_sav,slope_deg,Slope,A,L8,41.73231679192555,22.0,52.44004312967546,0.0,421.0,2.121150867987765,4.892922728569925,0.0463406319653861,3.3512521305886978,190675,False,0.878886,0.856008,0.878886,0.001,623.5813,28727,15.07,69937,36.68,342,0.18,553,0.29,91116,47.79,51.74,0.47,42,999
sgr_dk_sav,stream_gradient,Stream gradient,A,L8,88.78214270090555,39.0,143.3343117412214,0.0,7465.0,4.924358598645811,65.27980907574951,0.013100826012849,4.092303658056903,190675,False,0.792086,0.759309,0.792086,0.001,582.0648,18127,9.51,68056,35.69,302,0.16,1162,0.61,103028,54.03,45.2,0.77,42,999
kar_pc_sse,karst_pct,Karst %,A,L8,10.653625278615444,0.0,27.73559843203293,0.0,100.0,2.544665956589012,4.9219699085513895,0.818801625803068,0.0,190675,False,0.819658,0.817472,0.819658,0.001,575.6303,22215,11.65,13331,6.99,64,0.03,1596,0.84,153469,80.49,18.64,0.87,42,999
gla_pc_sse,glacier_pct,Glacier %,A,L8,0.467014553559722,0.0,5.232279358196189,0.0,100.0,14.49235612015191,229.38247149339773,0.9790533630523142,0.0,190675,True,0.802095,0.820367,0.820367,0.001,561.9327,3644,1.91,10544,5.53,40,0.02,1635,0.86,174812,91.68,7.44,0.88,42,999
ero_kh_sav,erosion_rate,Erosion rate,A,L8,2619.0198452864825,571.0,5700.651864732554,0.0,122019.0,5.59611723848133,50.24518057333486,0.103311918185394,0.0,190675,True,0.822422,0.921973,0.921973,0.001,699.4822,51677,27.1,38887,20.39,564,0.3,213,0.11,99334,52.1,47.5,0.41,42,999
dis_m3_pyr,discharge_annual,Discharge annual,B,L8,264.69469463234327,5.699999809265137,3257.640351714753,0.0,205605.015625,41.59667271306717,2157.6525799191004,0.082637996591058,0.0,190675,True,0.368885,0.562947,0.562947,0.001,401.4001,29819,15.64,44890,23.54,626,0.33,6752,3.54,108588,56.95,39.18,3.87,42,999
dis_m3_pmn,discharge_min,Discharge monthly min,B,L8,121.57349922394782,1.04799997806549,2099.314233529434,0.0,125870.265625,45.07547678112804,2343.794262275048,0.1624334600760456,0.0,190675,True,0.36715,0.57345,0.57345,0.001,406.5816,27843,14.6,56642,29.71,333,0.17,6450,3.38,99407,52.13,44.31,3.56,42,999
dis_m3_pmx,discharge_max,Discharge monthly max,B,L8,516.3373313228785,16.384000778198242,4890.638612052802,0.0,290310.46875,34.01713635937808,1581.9672832833503,0.0348184082863511,0.0,190675,True,0.374433,0.559118,0.559118,0.001,402.2873,30623,16.06,38711,20.3,924,0.48,6343,3.33,114074,59.83,36.36,3.81,42,999
run_mm_syr,runoff,Annual runoff,B,L8,333.0873842926446,161.0,484.0432426853167,0.0,6463.0,3.0532848334067912,14.563726372506489,0.0392867444604693,0.0,190675,False,0.970703,0.983779,0.970703,0.001,720.0711,23428,12.29,73127,38.35,440,0.23,0,0.0,93680,49.13,50.64,0.23,42,999
gwt_cm_sav,groundwater_depth,Groundwater depth,B,L8,229.1717529828242,146.0,238.50954681999053,0.0,2355.0,1.608091602845391,2.9462929577412376,0.023306673659368,0.0,190675,False,0.857278,0.842304,0.857278,0.001,624.9101,33138,17.38,57138,29.97,271,0.14,798,0.42,99330,52.09,47.35,0.56,42,999
swc_pc_syr,soil_water_content,Soil water content,B,L8,54.46441326865085,60.0,31.862585947317793,0.0,100.0,-0.2822128920599758,-1.2644651961023654,0.0253048380752589,0.0,190675,False,0.99193,0.993396,0.99193,0.001,748.4083,61917,32.47,55041,28.87,516,0.27,1,0.0,73200,38.39,61.34,0.27,42,999
ria_ha_ssu,river_area,River area (local),B,L8,192.73761043440535,71.75900268554688,456.03781567345715,0.0,31984.619140625,13.787623754792056,436.1035958469511,0.0220322538350596,0.0,190675,True,0.277691,0.590812,0.590812,0.001,434.7676,43563,22.85,24272,12.73,1608,0.84,4712,2.47,116520,61.11,35.58,3.31,42,999
wet_pc_sg1,wetland_pct_g1,Wetland % group 1,B,L8,10.193617411826406,0.0,22.229174535073614,0.0,100.0,2.668508454283742,6.5087974234853085,0.5687950701455355,0.0,190675,False,0.699716,0.719071,0.699716,0.001,496.5081,21382,11.21,36943,19.37,147,0.08,2053,1.08,130150,68.26,30.59,1.15,42,999
wet_pc_sg2,wetland_pct_g2,Wetland % group 2,B,L8,7.405464796119051,0.0,19.028315861896296,0.0,100.0,3.149311669438752,9.780726547857936,0.7110318604956077,0.0,190675,False,0.705216,0.746087,0.705216,0.001,522.6109,19429,10.19,8364,4.39,147,0.08,2139,1.12,160596,84.22,14.58,1.2,42,999
lka_pc_sse,lake_area_pct,Lake area %,B,L8,24.492980201914257,0.0,102.64878172402749,0.0,1000.0,6.855541348040191,53.290838096435074,0.6538927494427691,0.0,190675,True,0.640167,0.728964,0.728964,0.001,511.6934,26922,14.12,64943,34.06,1265,0.66,2041,1.07,95504,50.09,48.18,1.73,42,999
inu_pc_smx,inundation_max,Inundation max,B,L8,11.858298151304576,1.0,22.61223979460927,0.0,100.0,2.411855649232746,5.278430028082916,0.4745771600891569,0.0,190675,False,0.625395,0.734791,0.625395,0.001,466.233,21378,11.21,69181,36.28,281,0.15,2361,1.24,97474,51.12,47.49,1.39,42,999
dor_pc_pva,degree_of_regulation,Degree of regulation,B,L8,73.40909925265504,0.0,490.1418374530829,0.0,10000.0,13.44069795431567,229.1314799499775,0.8960167824832831,0.0,190675,True,0.343933,0.422039,0.422039,0.001,313.4791,13361,7.01,13268,6.96,110,0.06,12572,6.59,151364,79.38,13.97,6.65,42,999
cly_pc_sav,pct_clay,Clay %,B,L8,19.838841091511306,19.838841091511306,7.379551758083177,2.0,48.0,0.1631982750574232,-0.4690068491671613,0.0,9.111839517503606,190675,False,0.931586,0.91835,0.931586,0.001,691.3088,45832,24.04,65869,34.55,350,0.18,1491,0.78,77133,40.45,58.58,0.97,42,999
slt_pc_sav,pct_silt,Silt %,B,L8,30.84071644133617,31.0,10.992066017622127,2.0,63.0,-0.2535512593815477,-0.5022538046456893,0.0,9.111839517503606,190675,False,0.96194,0.961345,0.96194,0.001,730.805,52581,27.58,46378,24.32,525,0.28,59,0.03,91132,47.79,51.9,0.31,42,999
snd_pc_sav,pct_sand,Sand %,B,L8,49.332929411832595,49.0,10.676618476792784,14.0,90.0,0.6852761606850835,0.930831327711779,0.0,9.111839517503606,190675,False,0.903347,0.900498,0.903347,0.001,627.5465,32705,17.15,59331,31.12,395,0.21,4650,2.44,93594,49.09,48.27,2.65,42,999
soc_th_sav,soil_organic_carbon,Soil organic carbon,B,L8,50.44576199791115,30.0,53.20985630375506,0.0,810.0,2.3448184909183643,8.622218117365264,0.000131113150649,9.111839517503606,190675,False,0.906162,0.913226,0.906162,0.001,653.1199,33219,17.42,77429,40.61,385,0.2,1231,0.65,78411,41.12,58.03,0.85,42,999
tmp_dc_syr,temperature_annual,Temperature annual,C,L8,12.45627848433198,16.7,13.589732735652738,-24.3,31.4,-0.668956139571111,-0.7172211576024754,0.0019352301035793,0.0,190675,False,0.996347,0.994706,0.996347,0.001,721.5371,68367,35.86,49344,25.88,375,0.2,3,0.0,72586,38.07,61.73,0.2,42,999
pre_mm_syr,precipitation_annual,Precipitation annual,C,L8,790.8972544906254,555.0,735.715361272937,0.0,8446.0,1.75112007074807,4.314187171911497,0.0036501901140684,0.0,190675,False,0.978491,0.991233,0.978491,0.001,716.3153,33049,17.33,64226,33.68,400,0.21,3,0.0,92997,48.77,51.02,0.21,42,999
pet_mm_syr,pet_annual,PET annual,C,L8,1231.876591058083,1359.0,590.6097425105819,52.0,2377.0,-0.2609713376183953,-1.2166701443306829,0.0,0.0,190675,False,0.997239,0.99801,0.997239,0.001,726.5105,59498,31.2,58707,30.79,304,0.16,0,0.0,72166,37.85,61.99,0.16,42,999
aet_mm_syr,aet_annual,AET annual,C,L8,541.3627323980595,414.0,424.1219278291772,0.0,1961.0,0.8534606585792517,-0.2476446623403205,0.009398190638521,0.0,190675,False,0.992541,0.99374,0.992541,0.001,724.4891,44070,23.11,62315,32.68,345,0.18,1,0.0,83944,44.02,55.79,0.18,42,999
ari_ix_sav,aridity_index,Aridity index,C,L8,95.34310213714436,68.0,169.61193957993208,0.0,2167.0,6.85823079886396,57.533094853323426,0.0169555526419299,0.0,190675,True,0.988874,0.992408,0.992408,0.001,731.8423,42970,22.54,36947,19.38,529,0.28,1,0.0,110228,57.81,41.91,0.28,42,999
cmi_ix_syr,climate_moisture_index,Climate moisture index,C,L8,-30.10235741444867,-32.0,48.2928924678351,-100.0,96.0,0.3723128904040907,-0.6706691582760196,0.0062252523928149,0.0,190675,False,0.988409,0.962287,0.988409,0.001,758.5161,47560,24.94,58386,30.62,482,0.25,8,0.0,84239,44.18,55.56,0.26,42,999
prm_pc_sse,permafrost_pct,Permafrost %,C,L8,13.383327651763471,0.0,30.42622453354939,0.0,100.0,2.1028050510188585,2.769887095291478,0.7712180411695293,0.0,190675,False,0.979244,0.976488,0.979244,0.001,716.1989,27825,14.59,91119,47.79,90,0.05,244,0.13,71397,37.44,62.38,0.18,42,999
snw_pc_syr,snow_cover_annual,Snow cover annual,C,L8,18.10525515288194,0.0,27.601641586099053,0.0,100.0,1.374897390989039,0.7273563048614049,0.5385131768716402,0.0026222630129802,190675,False,0.993087,0.991439,0.993087,0.001,726.344,43255,22.69,87363,45.82,172,0.09,6,0.0,59879,31.4,68.5,0.09,42,999
for_pc_sse,forest_cover_pct,Forest cover %,C,L8,28.57370919103186,6.0,35.883931650491235,0.0,100.0,0.8760181641628798,-0.8252924094268006,0.4089524059263144,0.0,190675,False,0.891997,0.906391,0.891997,0.001,644.9665,47816,25.08,81943,42.98,343,0.18,794,0.42,59779,31.35,68.05,0.6,42,999
crp_pc_sse,cropland_pct,Cropland %,D,L8,11.411548446309164,1.0,20.12562811808246,0.0,100.0,2.0911440070039906,3.69025291711708,0.4871797561295398,0.0,190675,False,0.898523,0.932045,0.898523,0.001,652.136,30304,15.89,87633,45.96,205,0.11,498,0.26,72035,37.78,61.85,0.37,42,999
pst_pc_sse,pasture_pct,Pasture %,D,L8,19.722837288580045,4.0,27.621498981864168,0.0,100.0,1.3434154265683085,0.5764311543145113,0.395489707617674,0.0,190675,False,0.896955,0.92949,0.896955,0.001,656.8749,39082,20.5,78035,40.93,95,0.05,562,0.29,72901,38.23,61.42,0.34,42,999
ppd_pk_sav,pop_density,Population density,D,L8,60.75535003758442,2.693000078201294,348.245169073349,0.0,37101.0625,34.7871438391999,2174.5157472676347,0.1091648092303658,0.0,190675,True,0.436922,0.913043,0.913043,0.001,642.6532,44236,23.2,69128,36.25,675,0.35,248,0.13,76388,40.06,59.45,0.48,42,999
hft_ix_s09,human_footprint_2009,Human footprint 2009,D,L8,60.10932738953717,45.0,62.12537883573096,0.0,492.0,1.5869643799317443,3.478201203239131,0.1640068178838337,0.0,190675,False,0.847463,0.912572,0.847463,0.001,615.2664,34469,18.08,63837,33.48,389,0.2,241,0.13,91739,48.11,51.56,0.33,42,999
gdp_ud_sav,gdp_mean,GDP mean,D,L8,25188.514765963027,14484.0,28822.713096594805,378.0,189535.0,3.176755312339382,14.754010848720975,0.0,0.0,190675,False,0.986426,0.990088,0.986426,0.001,707.8056,26102,13.69,67832,35.57,249,0.13,39,0.02,96453,50.59,49.26,0.15,42,999
hdi_ix_sav,hdi,HDI,D,L8,737.761190507408,767.0,154.47534258307508,317.0,1000.0,-0.670731312903882,-0.3185057208366881,0.0,0.0,190675,False,0.995003,0.9943,0.995003,0.001,743.8629,46072,24.16,40555,21.27,354,0.19,0,0.0,103694,54.38,45.43,0.19,42,999
nli_ix_sav,nighttime_lights,Nighttime lights,D,L8,306.9582378392553,1.0,753.4122802960848,0.0,6300.0,4.149925018943479,21.163944378894,0.481180018355841,0.0,190675,False,0.699754,0.814939,0.699754,0.001,497.2679,18923,9.92,71298,37.39,147,0.08,422,0.22,99885,52.38,47.32,0.3,42,999
dist_sink,dist_sink_km,Distance to marine outlet,E,L6,897.066,355.4,1168.5121,0.0,6628.3,1.5187,1.9319,0.333476,0.0,16397,False,0.904075,0.801691,0.904075,0.001,187.2667,3154,19.24,5723,34.9,2,0.01,71,0.43,7447,45.42,54.14,0.45,42,999
dist_sink,dist_sink_km,Distance to marine outlet,E,L8,1066.7743,522.7,1249.5658,0.0,6786.4,1.3957,1.449,0.136882,0.0,190675,False,0.963339,0.876416,0.963339,0.001,701.2165,37888,19.87,70613,37.03,1,0.0,321,0.17,81852,42.93,56.9,0.17,42,999
